"","II","III","IV","Total"
"First line",0.0550276329552195,9.01327323128602e-06,0.174301834537239,3.52742094865832e-06
"Epi",0.053634546807556,0.104783251268851,0.21534722468213,0.000900094556364287
"Corticos",0.0951878649540584,0.225789415278255,0.906395820874303,0.135686491998764
"Antihist",0.26660343553595,0.769205602252609,0.751982805078419,0.597896833090973
"Hospital admit",0.0687753974195245,0.527215767876768,0.0380672301687766,0.00286301805435629
"ICU",0.253894762685362,0.531396237264372,0.0380672301687766,0.000489905239401554
